RU, http://123.123.123.123:8888/kote,username,userpass
NL, http://123.123.123.124:8888/kote,uffsername,userpassw
CH, http://13.123.123.124:8888/kote,uffsername,userpassw
NL, http://123.12.123.124:8888/kote,uffsername,userpassw
NL, http://123.123.123.124:8888/kote,uffsername,userpassw
NL, http://123.123.123.124:8888/kote,uffsername,userpasw
NL, http://123.123.123.124:8888/kote,uffsername,usassw
RU, http://123.123.123.125:8888/kote,username,userpass
RU, http://123.123.123.126:8888/kote,username,userpass
RU, http://123.123.123.127:8888/kote,username,userpass
NL, http://123.123.121.124:8888/kote,uffsername,userpassw
NL, http://123.12.121.124:8888/kote,uffsername,userpassw
CH, http://111.123.123.124:8888/kotek,,
CH, http://111.123.123.121:8888/kote,,
CH, http://111.123.123.122:8888/kote,,
BR, http://111.123.123.121:8888/koteyko,grthwg,4wy4y
BR, http://111.123.123.100:8888/koteyko,grthwg,4wy4y
BR, http://111.123.123.101:8888/koteyko,grthwg,4wy4y
BR, http://111.123.123.102:8888/koteyko,grthwg,4wy4y
BR, http://111.123.123.131:8888/koteyko,grthwg,4wy4y
NL, http://100.123.123.121:8888/koteyko,grthwg,4wy4y
NL, http://100.123.123.121:8888/koteyko,grthwg,4wy4
NL, http://100.123.123.121:8888/koteyko,grthwg,4w4y
NL, http://100.123.100.121:8888/koteyko,grthwg,4wy4y
NL, http://100.123.101.121:8888/koteyko,grthwg,4wy4y
NL, http://100.123.102.121:8888/koteyko,grthwg,4wy4y
NL, http://100.123.103.121:8888/koteyko,grthwg,4wy4y
NL, http://100.123.104.121:8888/koteyko,grthwg,4wy4y